OBJECTID,Neighborhood,Tax_ID,Address,Owner_Agency,Acquisition_Date,Purchase_Price,Funding_Source,CONDEMNED,RESTRICTIONS,Current_Use,Sq_Footage,Mowable_Sq_Footage,Zoning,Deed_Book,Deed_Page,Property_Description,Notes,Neighborhood_Plan,Available_For_Sale,Disposotion_Date,ORIG_FID,More_Details,GlobalID,SHAPE
1,Arlington Park,0005486,418 Burtner St,Redevelopment Commission of Greensboro,6/13/1990,29000,Null,Yes,Yes,Vacant Lot,6810.221036,6720,R-5,003814,00506,235 PB8-58 BK3788-210,Null,http://www.greensboro-nc.gov/modules/showdocument.aspx?documentid=25748,Yes,Null,1,Null,{05FC0F86-64C1-4D19-AFD4-4F54D213C9A8},Point
2,Arlington Park,0003269,1002 Caldwell St,Redevelopment Commission of Greensboro,8/30/1979,22000,Null,Null,Yes,Vacant Lot & Non-buildable,2680.10981,Null,R-5,003006,00627,.07 AC PT 1 S 2 PB 68-122 VANCE,NON-BUILDABLE,http://www.greensboro-nc.gov/modules/showdocument.aspx?documentid=25748,Yes,Null,2,Null,{17042C42-95FD-45D1-9479-519EDEED2EBC},Point
3,Arlington Park,0005391,1402 Plymouth St,Redevelopment Commission of Greensboro,9/11/1992,22000,Null,No,Yes,Vacant Lot,17364.991781,30800,R-5,004002,00701,2 PB 116-13 REDEVELOPMENT,Null,http://www.greensboro-nc.gov/modules/showdocument.aspx?documentid=25748,Yes,Null,3,Null,{0103AFB9-922C-4FA7-8280-570BD4E755DF},Point
4,Arlington Park,0005408,1404 Plymouth St,Redevelopment Commission of Greensboro,9/11/1992,25500,Null,No,Yes,Vacant Lot,12790.437479,11500,R-5,004002,00701,1 PB 116-13 REDEVELOPMENT,Null,http://www.greensboro-nc.gov/modules/showdocument.aspx?documentid=25748,Yes,Null,4,Null,{16571C86-7FBA-4687-9C7D-DEC4D7235162},Point
5,Arlington Park,0007993,1524 Randolph Ave,Redevelopment Commission of Greensboro,3/25/1996,31850,Null,Yes,Yes,Vacant Lot,10648.667242,8547,R-5,004398,01809,1 BA PB3-163 HILL & STREET CLOS,Null,http://www.greensboro-nc.gov/modules/showdocument.aspx?documentid=25748,Yes,Null,5,Null,{7CAAA2BB-4E37-4BF4-B66B-7F799E51F6C2},Point
6,Eastside Park,0013205,201 Gillespie St,Redevelopment Commission of Greensboro,4/19/1995,9000,Null,Yes,Yes,Vacant Lot,9808.770927,6450,RM-18,004487,01408,1-2 PB3-9 EAST SIDE PARK,Null,http://www.greensboro-nc.gov/modules/showdocument.aspx?documentid=25789,Yes,Null,6,Null,{C8FCF733-C27F-4E4B-9100-5BEDFEBA28A3},Point
7,Eastside Park,0013209,209 Gillespie St,Redevelopment Commission of Greensboro,1/16/2003,58000,Null,No,Yes,Vacant Lot,5908.991457,6250,RM-18,005725,02742,6 B1 PB 3-9 EASTSIDE PK,Null,http://www.greensboro-nc.gov/modules/showdocument.aspx?documentid=25789,Yes,Null,7,Null,{097F4F42-9F0C-4B62-98ED-72CF06BB2936},Point
8,Eastside Park,0013321,407 Gillespie St,Redevelopment Commission of Greensboro,12/1/1994,7000,Null,No,Yes,Vacant Lot,7413.487282,7250,RM-18,004262,00426,7 PB 2-106 YOUNG,Null,http://www.greensboro-nc.gov/modules/showdocument.aspx?documentid=25789,Yes,Null,8,Null,{4B9991BB-A233-4E5B-8B6E-7BCDC64E6B55},Point
11,Eastside Park,0013220,206 York St,Redevelopment Commission of Greensboro,2/7/2005,42700,Null,Yes,Yes,Vacant Lot,9049.060629,9022,RM-18,006411,01391,18-19 B1 PB 3-9 EAST SIDE PK,Null,http://www.greensboro-nc.gov/modules/showdocument.aspx?documentid=25789,Yes,Null,11,Null,{E082EFB4-C927-44BA-8533-10FB5E4AD96F},Point
12,Eastside Park,0013219,208 York St,Redevelopment Commission of Greensboro,2/7/2005,42700,Null,Yes,Yes,Vacant Lot,6479.859693,5467,RM-18,006411,01391,17 B1 PB 3-9 EAST SIDE PK,Null,http://www.greensboro-nc.gov/modules/showdocument.aspx?documentid=25789,Yes,Null,12,Null,{299C22AF-BE63-4159-975B-CDCAD4843BEC},Point
13,Ole Asheboro,0001270,400 E. Bragg St,Redevelopment Commission of Greensboro,6/12/1989,Null,CDBG,Null,Yes,Vacant Lot,8892.529911,7650,C-M,003746,01953,53 PB 97-135 BELLEVUE VANCE,Null,http://www.greensboro-nc.gov/modules/showdocument.aspx?documentid=25724,Yes,Null,13,Null,{A76A7793-BADF-428E-A6D4-AFC19E00B535},Point
14,Ole Asheboro,0002848,526 Douglas St,Redevelopment Commission of Greensboro,9/6/1994,5000,CDBG,Yes,Yes,Vacant Lot,7152.647556,6864,TN,004184,01459,1 LOT THORNTON & 4239-1408,Null,http://www.greensboro-nc.gov/modules/showdocument.aspx?documentid=25724,Yes,Null,15,Subject to RFP Process,{813A450F-9D04-418C-ABBD-AA467ACBFE95},Point
15,Ole Asheboro,0002849,528 Douglas St,Redevelopment Commission of Greensboro,9/6/1994,Null,CDBG,No,Yes,Vacant Lot,6660.76754,6600,TN,004184,01459,1 LOT THORNTON & 4239-1408,Null,http://www.greensboro-nc.gov/modules/showdocument.aspx?documentid=25724,Yes,Null,16,Subject to RFP Process,{8D12063F-8E3B-49A3-A20E-450403AB7675},Point
16,Ole Asheboro,0002864,532 Douglas St,Redevelopment Commission of Greensboro,8/29/1990,25000,CDBG,No,Yes,Vacant Lot,9802.839835,9768,TN,003829,02152,532 DOUGLAS ST,Null,http://www.greensboro-nc.gov/modules/showdocument.aspx?documentid=25724,Yes,Null,17,Subject to RFP Process,{1E892EC7-A63F-4DE1-BBAF-2A44B8945452},Point
18,Ole Asheboro,0002833,919 Pearson St,Redevelopment Commission of Greensboro,10/22/2010,13000,CDBG,No,Yes,Vacant Lot,12139.8632,1657,R-5,007174,02533,3,Null,http://www.greensboro-nc.gov/modules/showdocument.aspx?documentid=25724,Yes,Null,21,Null,{34E8FFBB-5947-446D-B6E8-FD218B55AAD2},Point
19,Ole Asheboro,0002935,704 Martin Luther King Jr Dr,Redevelopment Commission of Greensboro,3/13/2012,9500,CDBG,No,Yes,Vacant Lot,7474.321727,8057,R-5,007329,02165,1 LOT ASHEBORO,Null,http://www.greensboro-nc.gov/modules/showdocument.aspx?documentid=25724,Yes,Null,22,Null,{B9927AB5-83FA-4D02-82A1-0DD6D2DF3887},Point
20,Ole Asheboro,0002937,708 Martin Luther King Jr Dr,Redevelopment Commission of Greensboro,3/13/2012,8500,CDBG,No,Yes,Vacant Lot,11896.040561,12838,R-5,007329,02165,.30AC 1 PB 139-55 NETTIE'S NEST,Null,http://www.greensboro-nc.gov/modules/showdocument.aspx?documentid=25724,Yes,Null,23,Null,{CD0187A8-9A54-4899-AE97-F457097B7F4F},Point
21,Ole Asheboro,0002944,710 Martin Luther King Jr Dr,Redevelopment Commission of Greensboro,3/13/2012,9500,CDBG,No,Yes,Vacant Lot,7798.665259,8366,R-5,007329,02165,.19AC 2 PB 139-55 NETTIE'S NEST,Null,http://www.greensboro-nc.gov/modules/showdocument.aspx?documentid=25724,Yes,Null,24,Null,{AC35454A-1E30-4B49-BAFD-32FF6FEB7AB8},Point
22,Ole Asheboro,0002945,712 Martin Luther King Jr Dr,Redevelopment Commission of Greensboro,3/13/2012,9500,CDBG,No,Yes,Vacant Lot,9643.117993,8725,R-5,007329,02165,.20AC 3 PB 139-55 NETTIE'S NEST,Null,http://www.greensboro-nc.gov/modules/showdocument.aspx?documentid=25724,Yes,Null,25,Null,{6B449707-C2E0-4675-A160-867076C92284},Point
23,Near Willow Oaks,0021460,2503 Everitt St,Redevelopment Commission of Greensboro,1/18/1978,9800,Null,Yes,Yes,Vacant Lot,14147.352723,13000,RM-18,002941,00243, 815 MOODY RD,Null,http://www.greensboro-nc.gov/modules/showdocument.aspx?documentid=25708,Yes,Null,26,Null,{649CEA65-7A1A-487E-84F7-ACDA17DF3BA4},Point
24,Phillips/Lombardy,0020496,1209 Lombardy St,Redevelopment Commission of Greensboro,6/29/1990,10000,Null,No,Yes,Vacant Lot,9192.527121,872,R-5,003817,01544,9 PB 105-56 LOMBARDY PROJ,Null,http://www.greensboro-nc.gov/modules/showdocument.aspx?documentid=25721,Yes,Null,27,Null,{CB7E5CDF-299D-4323-A732-6FD8670E307B},Point
25,Phillips/Lombardy,0020495,1211 Lombardy St,Redevelopment Commission of Greensboro,6/29/1990,10000,Null,Null,Yes,Vacant Lot,8973.799218,1542,R-5,003817,01544,8 PB 105-56 LOMBARDY PROJ,Null,http://www.greensboro-nc.gov/modules/showdocument.aspx?documentid=25721,Yes,Null,28,Null,{0784B780-185A-4C01-B18E-F26C2872FF71},Point
26,Phillips/Lombardy,0020494,1215 Lombardy St,Redevelopment Commission of Greensboro,6/29/1990,10000,Null,Null,Yes,Vacant Lot,8979.358859,1235,R-5,003817,01544,7 PB 105-56 LOMBARDY PROJ,Null,http://www.greensboro-nc.gov/modules/showdocument.aspx?documentid=25721,Yes,Null,29,Null,{87DAA1CD-8DAA-4A16-AFCF-8D67C00D09DB},Point
27,Phillips/Lombardy,0020493,1301 Lombardy St,Redevelopment Commission of Greensboro,6/29/1990,10000,Null,Null,Yes,Vacant Lot,9035.980082,Null,R-5,003817,01544,6 PB 105-56 LOMBARDY PROJ,Null,http://www.greensboro-nc.gov/modules/showdocument.aspx?documentid=25721,Yes,Null,30,Null,{B0ACFA4F-E376-479E-A68D-9C91D4489378},Point
28,Phillips/Lombardy,0020492,1303 Lombardy St,Redevelopment Commission of Greensboro,6/29/1990,10000,Null,Null,Yes,Vacant Lot,9043.130428,Null,R-5,003817,01544,5 PB 105-56 LOMBARDY PROJ,Null,http://www.greensboro-nc.gov/modules/showdocument.aspx?documentid=25721,Yes,Null,31,Null,{1A98C1CB-6EA6-4544-896F-5BB171512629},Point
29,Phillips/Lombardy,0020475,2110 Phillips Ave,Redevelopment Commission of Greensboro,6/15/1990,42500,Null,No,Yes,Vacant Lot,273523.570357,Null,R-5,003817,01544,REDEVELOPMENT COMMISSION OF GREENSBORO,1305 &1307 LOMBARDY ST WERE COMBINED WITH THIS LOT $10000/LOT PURCHASE FOR BOTH- ACQ 6/29/1990 BOTH VACANT LOTS-TOTAL ARE OF THREE LOTS COMBINED IS 6.28AC,http://www.greensboro-nc.gov/modules/showdocument.aspx?documentid=25721,Yes,Null,32,Null,{B09CCBBA-9116-40AF-B218-6536D627B499},Point
30,Phillips/Lombardy,0020484,1412 Tillery Dr,Redevelopment Commission of Greensboro,1/15/1991,43000,Null,No,Yes,Vacant Lot,82323.842688,Null,R-5,003891,00576,PB22-11 HANNER 3891-579,2 LOTS SPLIT BY ROW TOTAL SIZE 1.89AC,http://www.greensboro-nc.gov/modules/showdocument.aspx?documentid=25721,Yes,Null,33,Null,{E1B7C71B-4867-4A59-9FEB-32917FDA99DB},Point
31,S. Elm Street,0000499,125 W. Gate City Blvd,Redevelopment Commission of Greensboro,5/30/2007,240000,Null,Null,Yes,Vacant Lot,7520.381597,7841,CD-CB,006731,01629,.18 AC OLD GREENSBOUROUGH,Null,http://www.greensboro-nc.gov/modules/showdocument.aspx?documentid=25718,Yes,Null,34,Subject to Development Agreement,{F9E7148E-654F-43DB-AC11-EB8CFCE9CE87},Point
32,S. Elm Street,0000503,702-714 & 724 S. Elm St,Redevelopment Commission of Greensboro,3/23/2007,315000,Null,No,Yes,Vacant Lot,17788.639111,17792,CD-CB,006694,00534,724 S ELM STREET,LOTS HAVE BEEN COMBINED TO CREATE 2 LOTS,http://www.greensboro-nc.gov/modules/showdocument.aspx?documentid=25718,Yes,Null,35,Subject to Development Agreement,{63D57028-7D1B-42BF-BDBB-B8E60E1220FE},Point
33,S. Elm Street,0000504,728-730 S. Elm St,Redevelopment Commission of Greensboro,6/28/2007,325000,Null,No,Yes,Vacant Lot,38770.263891,33994,CD-CB,006748,02901,TRACT 3 BK2912-658 730 S ELM ST,2 SEPARATE LOTS PURCHASED TOGETHER,http://www.greensboro-nc.gov/modules/showdocument.aspx?documentid=25718,Yes,Null,36,Subject to Development Agreement,{3367EB24-0BDF-4658-B774-807A2F709B90},Point
34,S. Elm Street,0001155,725 S. Elm St,Redevelopment Commission of Greensboro,11/6/2013,Null,Null,No,Yes,Vacant Lot,32507.889535,4685,CD-CB,006747,00094,EDEVELOPMENT COMMISSION OF GREENSBORO,LAND SWAP NO PURCHASE PRICE,http://www.greensboro-nc.gov/modules/showdocument.aspx?documentid=25718,Yes,Null,37,Subject to Development Agreement,{721A7288-7A70-42DC-941F-556FC38C3FBD},Point
35,S. Elm Street,0001154,727 S. Elm St,Redevelopment Commission of Greensboro,11/6/2013,Null,Null,No,Yes,Vacant Lot,13746.46526,8721,CD-CB,006747,00094,EDEVELOPMENT COMMISSION OF GREENSBORO,LAND SWAP NO PURCHASE PRICE,http://www.greensboro-nc.gov/modules/showdocument.aspx?documentid=25718,Yes,Null,38,Subject to Development Agreement,{79090EBF-6FA9-42F5-A68D-EE3FCD4D12F8},Point
36,S. Elm Street,0000505,734 S. Elm St,Redevelopment Commission of Greensboro,6/4/2007,267000,Null,No,Yes,Vacant Lot,43507.715518,43541,CD-CB,006735,00278,734 S ELM ST,Null,http://www.greensboro-nc.gov/modules/showdocument.aspx?documentid=25718,Yes,Null,39,Subject to Development Agreement,{2B4342CB-CCF6-4A51-9E45-392583FA39C2},Point
37,S. Elm Street,0001145,100 E. Gate City Blvd,Redevelopment Commission of Greensboro,6/27/2007,Null,Null,No,Yes,Vacant Lot,31699.688794,Null,CD-CB,006747,00094,EDEVELOPMENT COMMISSION OF GREENSBORO,"$90,0000 COMBINED  COST WITH 124 E. GATE CITY BLVD & 508 ARLINGTON ST",http://www.greensboro-nc.gov/modules/showdocument.aspx?documentid=25718,Yes,Null,40,Subject to Development Agreement,{85522BA9-09AF-4734-89DA-43EBD3CCF727},Point
38,S. Elm Street,0001147,508 Arlington St,Redevelopment Commission of Greensboro,6/27/2007,Null,Null,No,Yes,Cell Tower,21147.296672,Null,CD-CB,006747,00094,EDEVELOPMENT COMMISSION OF GREENSBORO,"$90,0000 COMBINED  COST WITH 124 E. GATE CITY BLVD & 508 ARLINGTON ST",http://www.greensboro-nc.gov/modules/showdocument.aspx?documentid=25718,Yes,Null,42,Subject to Development Agreement,{FD14CF39-E30C-4FFA-87DF-23705E2C238C},Point
39,S. Elm Street,0001389,107 W. Bragg St,Redevelopment Commission of Greensboro,3/10/2007,30000,Null,No,Yes,Vacant Lot,22075.103561,22780,CD-CB,006704,02406,.52AC 2 PB109-133 ST JAMES HOME,Null,http://www.greensboro-nc.gov/modules/showdocument.aspx?documentid=25718,Yes,Null,43,Subject to Development Agreement,{542D48C3-68BB-475D-B585-C58BD928C21F},Point
40,S. Elm Street,0000510,121-123 W. Gate City Blvd,Redevelopment Commission of Greensboro,6/26/2007,100000,108/BEDI,No,Yes,Vacant Lot,2243.742297,2400,CD-CB,006746,00073,1 LOT,2 LOTS PURCHASED TOGETHER,http://www.greensboro-nc.gov/modules/showdocument.aspx?documentid=25718,Yes,Null,44,Subject to Development Agreement,{5592B03E-85C5-4C0A-BEF7-6717756EA854},Point
41,S. Elm Street,0001148,518 Arlington St,Redevelopment Commission of Greensboro,11/6/2013,Null,Null,No,Yes,Vacant Lot,9274.507653,4500,CD-CB,006747,00094,EDEVELOPMENT COMMISSION OF GREENSBORO,LAND SWAP NO PURCHASE PRICE,http://www.greensboro-nc.gov/modules/showdocument.aspx?documentid=25718,Yes,Null,46,Subject to Development Agreement,{7CE151CA-F9BB-4A99-8769-F36605670387},Point
42,S. Elm Street,0000500,700 S. Elm St,Redevelopment Commission of Greensboro,6/22/2006,225000,108,No,Yes,Vacant Lot,23911.595972,162300,CD-CB,006550,02481,SOUTH ELM ST & WEST LEE,Null,http://www.greensboro-nc.gov/modules/showdocument.aspx?documentid=25718,Yes,Null,47,Subject to Development Agreement,{21FFAD2E-4BA0-4D83-AFF4-DC72EE0EF260},Point
43,Willow Oaks,0010665,1520 McConnell Rd,Redevelopment Commission of Greensboro,7/28/2000,37000,HOME,No,Yes,Vacant Lot,4238.85449,4435,RM-18,005054,01041,PT 14-15 BC PB5-395 NOCHO PARK,Null,https://www.greensboro-nc.gov/Home/ShowDocument?id=34370,Yes,Null,48,Null,{64DE3ABA-BD3F-478C-AA03-B1DCC33453B0},Point
44,Willow Oaks,0010604,1723 McConnell Rd,Redevelopment Commission of Greensboro,1/6/2003,Null,HOME,No,Yes,Vacant Lot,16026.911588,8463,TN,005717,01738,33 PV 172-17 CIVIC SITE WILLOW OAKS,1721 MCCONNELL RD,https://www.greensboro-nc.gov/Home/ShowDocument?id=34370,Yes,Null,49,Null,{9C1129CC-0D8E-4EEE-8FAE-CFCF37667BCB},Point
45,Willow Oaks,0010632,1600 McConnell Rd,Redevelopment Commission of Greensboro,12/14/2004,10000,108,Null,Yes,Vacant Lot,4854.494717,5544,RM-18,006233,01597,21 BC PB5-395,Null,https://www.greensboro-nc.gov/Home/ShowDocument?id=34370,Yes,Null,50,Null,{3F787530-C366-42ED-95A6-01C62159C3AF},Point
46,Willow Oaks,0010633,1602 McConnell Rd,Redevelopment Commission of Greensboro,12/31/2013,4100,Null,No,Yes,Vacant Lot,7493,7493,RM-18,007562,03024,BC PB 5-395,Null,https://www.greensboro-nc.gov/Home/ShowDocument?id=34370,Yes,Null,51,Null,{9D3174A4-D396-49C6-9DBE-9F66A8D9178D},Point
47,Willow Oaks,0010634,1604 McConnell Rd,Redevelopment Commission of Greensboro,12/31/2013,4100,Null,No,Yes,Vacant Lot,5445.382732,5545,RM-18,007562,03024,BC PB5-395 HARRIS,Null,https://www.greensboro-nc.gov/Home/ShowDocument?id=34370,Yes,Null,52,Null,{4BD5FB2F-5115-4070-8B52-7B550D2FC027},Point
51,Willow Oaks,0013462,1901 McConnell Rd,Redevelopment Commission of Greensboro,10/5/2001,Null,108,No,Yes,Vacant Lot,5216.614372,5017,TN,005340,01575,38 ZONE C SH1 PB 169-132 WILLOW OAKS,Null,https://www.greensboro-nc.gov/Home/ShowDocument?id=34370,Yes,Null,56,Null,{D818B864-1872-45EA-AF72-0EFF23D76B47},Point
52,Willow Oaks,0013461,807 Willow Hope Pl,Redevelopment Commission of Greensboro,Null,Null,108,No,Yes,Vacant Lot,4939.492914,4927,TN,005453,00928,39 ZONE C SH1 PB 169-132 WILLOW OAKS,Null,https://www.greensboro-nc.gov/Home/ShowDocument?id=34370,Yes,Null,57,Null,{2E7DD758-7D5C-4C6A-9C06-3416AD97CC3A},Point
53,Willow Oaks,0013460,805 Willow Hope Pl,Redevelopment Commission of Greensboro,Null,Null,108,No,Yes,Vacant Lot,4686.134061,4651,TN,005453,00928,40 ZONE C SH1 PB 169-132 WILLOW OAKS,Null,https://www.greensboro-nc.gov/Home/ShowDocument?id=34370,Yes,Null,58,Null,{A95934E8-C5BA-4CB3-9B5D-16514794FCC8},Point
54,Willow Oaks,0013459,803 Willow Hope Pl,Redevelopment Commission of Greensboro,Null,Null,108,No,Yes,Vacant Lot,4345.638867,4317,TN,005453,00928,41 ZONE C SH1 PB 169-132 WILLOW OAKS,Null,https://www.greensboro-nc.gov/Home/ShowDocument?id=34370,Yes,Null,59,Null,{CDEE928F-A529-4AFF-8850-8CC5FF7D4854},Point
55,Willow Oaks,0013458,801 Willow Hope Pl,Redevelopment Commission of Greensboro,Null,Null,108,No,Yes,Vacant Lot,8228.12928,4317,TN,005453,00928,42 ZONE C SH1 PB 169-132 WILLOW OAKS,Null,https://www.greensboro-nc.gov/Home/ShowDocument?id=34370,Yes,Null,60,Null,{6C7AFDD2-7E53-4CBE-8945-A97695E2F198},Point
56,Willow Oaks,0020233,213 S. English St,Redevelopment Commission of Greensboro,7/10/2001,306000,HOME,No,Yes,Vacant Lot,30180.07911,32475,RM-18,005265,00154,213 S ENGLISH ST,Null,https://www.greensboro-nc.gov/Home/ShowDocument?id=34370,Yes,Null,61,Null,{E971429D-07CA-4416-B864-909760F801E8},Point
57,Willow Oaks,0020234,215 S. English St,Redevelopment Commission of Greensboro,9/20/2002,10000,HOME,No,Yes,Vacant Lot,7742.431218,8043,RM-18,005614,00027,PB3-4 S ENGLISH ST,Null,https://www.greensboro-nc.gov/Home/ShowDocument?id=34370,Yes,Null,62,Null,{1E3AE8B6-84C7-4BB3-AE2B-6267BF77786D},Point
58,Willow Oaks,0020235,217 S. English St,Redevelopment Commission of Greensboro,9/20/2002,16000,HOME,No,Yes,Vacant Lot,15513.672142,16250,RM-18,005614,00024,217 S ENGLISH ST PB 3-4,Null,https://www.greensboro-nc.gov/Home/ShowDocument?id=34370,Yes,Null,63,Null,{9F8D08E7-729C-446D-B1D5-C6503571AF7B},Point
59,Willow Oaks,0020236,219 S. English St,Redevelopment Commission of Greensboro,12/2/2003,18000,108,Yes,Yes,Vacant Lot,19475.319422,19567,RM-18,005995,02562,1 PB3-4 YOUNG &2003CVS8107,Null,https://www.greensboro-nc.gov/Home/ShowDocument?id=34370,Yes,Null,64,Null,{53DEB0D0-CC4F-4EB5-92CA-10B977C7AFBD},Point
60,Willow Oaks,0020215,222 S. English St,Redevelopment Commission of Greensboro,9/4/2002,37500,HOME,No,Yes,Vacant Lot,10822.952279,11250,RM-18,005600,01342,10 B2 PB3-4 JOHN A YOUNG,Null,https://www.greensboro-nc.gov/Home/ShowDocument?id=34370,Yes,Null,65,Null,{9CA9A153-56FF-4D92-9D11-55B0411727B8},Point
61,Willow Oaks,0020216,224 S. English St,Redevelopment Commission of Greensboro,9/4/2002,10000,HOME,No,Yes,Vacant Lot,10827.77005,11250,RM-18,005600,01342,11 B2 PB3-4 JOHN A YOUNG,Null,https://www.greensboro-nc.gov/Home/ShowDocument?id=34370,Yes,Null,66,Null,{342B78FC-FD7E-4BC7-AC48-99126393F6A2},Point
62,Willow Oaks,0020217,226 S. English St,Redevelopment Commission of Greensboro,9/4/2002,10000,HOME,No,Yes,Vacant Lot,10847.768933,11250,RM-18,005600,01342,12 PB3-4 JOHN A YOUNG,Null,https://www.greensboro-nc.gov/Home/ShowDocument?id=34370,Yes,Null,67,Null,{261CD20D-5B44-4900-956B-ADD52BEF85D9},Point
63,Willow Oaks,0010613,701 Dorgan Ave,Redevelopment Commission of Greensboro,3/21/2012,70000,HOME,No,Yes,Vacant Lot,8887.147235,9260,TN,007224,00761,PT10-11 PB2-79DORGAN-SAND & 6858-2650 &,Null,https://www.greensboro-nc.gov/Home/ShowDocument?id=34370,Yes,Null,68,Null,{ECA93CAC-0D39-4849-9AE7-77E39D1B5549},Point
64,Willow Oaks,0010602,728 Gillespie St,Redevelopment Commission of Greensboro,12/30/2010,Null,,No,Yes,Vacant Lot,5636.421995,4845,TN,007203,00993,19 PB 172-17 WILLOW OAKS ZONE D,THE COUNTY HAS THE ADDRESSES FLIPPED B/T 726 & 728 GILLESPIE ST,https://www.greensboro-nc.gov/Home/ShowDocument?id=34370,Yes,Null,69,Null,{15BB87AB-2C3A-4A5E-90EB-D7FA4AE52452},Point
65,Willow Oaks,0010601,726 Gillespie St,Greensboro Housing Development Partnership,9/9/2011,60000,HOME,No,Yes,Vacant Lot,4937.693845,4845,TN,007271,02310,18 PB172-17 WILLOW OAK ZD 6816-2471,THE COUNTY HAS THE ADDRESSES FLIPPED B/T 726 & 728 GILLESPIE ST,https://www.greensboro-nc.gov/Home/ShowDocument?id=34370,Yes,Null,70,Null,{7A3A22B8-671E-4F7E-8EF3-483A6EA1D136},Point
66,Willow Oaks,0010568,647 S. O Henry Blvd,Redevelopment Commission of Greensboro,Null,Null,Null,No,Yes,Vacant Lot -Not Buildable,7642.409418,7642,TN,005718,02097,31 ZONE D PB 172-18 WILLOW OAKS,VACANT LOT -NOT BUILDABLE,https://www.greensboro-nc.gov/Home/ShowDocument?id=34370,Yes,Null,71,Null,{D0CA86F6-023D-4F81-B401-04C068CE9CB3},Point
67,Willow Oaks,0010570,649 S. O Henry Blvd,Redevelopment Commission of Greensboro,Null,Null,Null,No,Yes,Vacant Lot -Not Buildable,5921.043136,5921,TN,005718,02097,30 ZONE D PB 172-18 WILLOW OAKS,VACANT LOT -NOT BUILDABLE,https://www.greensboro-nc.gov/Home/ShowDocument?id=34370,Yes,Null,72,Null,{173F97B2-7D00-43B1-A781-63F86DC2E5A5},Point
68,Willow Oaks,0013436,2115 Everitt St,Redevelopment Commission of Greensboro,3/4/2016,Null,Null,No,Yes,Vacant Lot,21840.952224,21825,TN,007652,00538,EVERETT ST APTS,Null,https://www.greensboro-nc.gov/Home/ShowDocument?id=34370,Yes,Null,73,Subject to RFP Process,{8F136105-E8B8-46BE-8D99-970452348A55},Point
69,Willow Oaks,0013502,2116 Everitt St,Redevelopment Commission of Greensboro,3/4/2016,Null,Null,No,Yes,Vacant Lot,27901.016961,27685,TN,007652,00538,EVERITT ST APTS,Null,https://www.greensboro-nc.gov/Home/ShowDocument?id=34370,Yes,Null,74,Subject to RFP Process,{C3CE1CE1-E1B4-476A-B437-F87959A6030D},Point
70,Willow Oaks,0013503,2120 Everitt St,Redevelopment Commission of Greensboro,2/23/2016,8500,NUSSBAUM,No,Yes,Vacant Lot,7117.079374,7086,TN,006248,01878,2121 MCCONNELL RD WILL1968E1512,PURCHASED WITH 2122 EVERITT ST,https://www.greensboro-nc.gov/Home/ShowDocument?id=34370,Yes,Null,75,Subject to RFP Process,{961CEFA6-2D83-46A6-9CE4-4AC034968755},Point
71,Willow Oaks,0021345,2128 Everitt St,Redevelopment Commission of Greensboro,3/4/2016,Null,Null,No,Yes,Vacant Lot,41470.033981,41333,TN,007652,00538,EVERITT ST APTS,Null,https://www.greensboro-nc.gov/Home/ShowDocument?id=34370,Yes,Null,76,Subject to RFP Process,{EF8E5A23-183B-4AD5-9758-F3735651A4C1},Point
72,Willow Oaks,0013505,2122 McConnell Rd,Redevelopment Commission of Greensboro,2/23/2016,8500,NUSSBAUM,No,Yes,Vacant Lot,10717.169949,10592,TN,007712,02865,1 LOT,PURCHASED WITH 2120 EVERITT ST,https://www.greensboro-nc.gov/Home/ShowDocument?id=34370,Yes,Null,77,Subject to RFP Process,{9C67CFCF-4E69-498E-ABA7-37746951B5AC},Point
73,Nealtown,0067562,20 Rocky Ridge Pt,Greensboro Housing Development Partnership,8/3/1993,Null,Null,Null,Yes,Vacant Lot,11503.498825,11220,R-7,004103,01555,103 PH 2 PB 109-3 NEALTOWN FARM,Null,Null,Yes,Null,78,Null,{7601432F-1F3F-46E4-8555-745F82A53B9D},Point
74,Nealtown,0067561,22 Rocky Ridge Pt,Greensboro Housing Development Partnership,8/3/1993,Null,Null,Null,Yes,Vacant Lot,12909.621658,12282,R-7,004103,01555,102 PH 2 PB 109-3 NEALTOWN FARM,Null,Null,Yes,Null,79,Null,{73F6B918-94F7-4AF2-9BBE-88C6FF91B602},Point
75,Ole Asheboro,0002761,802 Pearson St,Greensboro Housing Development Partnership,1/29/2008,Null,Null,No,Yes,Vacant Lot,168797.228974,168797,TN,006842,01362, 802 PEARSON S,4.36 ACRES,http://www.greensboro-nc.gov/modules/showdocument.aspx?documentid=25724,Yes,Null,80,Subject to RFP Process,{4DC26238-0D65-492C-9FBB-1873CB92AD44},Point
79,Ole Asheboro,0001276,600 Martin Luther King Jr Dr,Greensboro Housing Development Partnership,3/13/2008,Null,Null,Null,Yes,Vacant Lot,14877.651885,12264,R-5,006862,01945,.32AC 7 PB 122-70 GATEWAY PROJ,Null,http://www.greensboro-nc.gov/modules/showdocument.aspx?documentid=25724,Yes,Null,84,Null,{40CA7BA2-2141-4091-B05F-C3AD969E2C4C},Point
80,Ole Asheboro,0001277,606 Martin Luther King Jr Dr,Greensboro Housing Development Partnership,3/13/2008,Null,Null,Null,Yes,Vacant Lot,16947.225095,15725,R-5,006862,01949,.38AC 8 PB 122-70 GATEWAY PROJ,Null,http://www.greensboro-nc.gov/modules/showdocument.aspx?documentid=25724,Yes,Null,85,Null,{76E4D268-6021-4FD5-A553-DD68AA23777F},Point
81,Ole Asheboro,0004954,630 E. Gate City Blvd,Greensboro Housing Development Partnership,3/13/2008,Null,Null,Null,Yes,Vacant Lot,8720.17076,8960,R-5,006862,01973,630 E LEE ST,Null,http://www.greensboro-nc.gov/modules/showdocument.aspx?documentid=25724,Yes,Null,86,Null,{9EB9FAA0-CC79-4090-A20E-ED54097D7D37},Point
82,Ole Asheboro,0004955,700 E. Gate City Blvd,Greensboro Housing Development Partnership,3/13/2008,Null,Null,Null,Yes,Vacant Lot,8939.805393,Null,R-5,006862,02009,.21 AC 2 PB 169-26 REDEVELOPMENT,ACQUIRED WITH 702 E GATE CITY BLVD TOTAL SQFT=17859,http://www.greensboro-nc.gov/modules/showdocument.aspx?documentid=25724,Yes,Null,87,Null,{A794334F-D8C8-425C-AD89-6A388D6A4914},Point
83,Ole Asheboro,0004957,702 N E. Gate City Blvd,Greensboro Housing Development Partnership,3/13/2008,Null,Null,Null,Yes,Vacant Lot,8565.827134,Null,R-5,006862,02017,.21 AC 1 PB 169-26 REDEVELOPMENT,ACQUIRED WITH 702 E GATE CITY BLVD TOTAL SQFT=17859,http://www.greensboro-nc.gov/modules/showdocument.aspx?documentid=25724,Yes,Null,88,Null,{533DE2CC-3704-4AF2-B666-25F97F9553C0},Point
84,Ole Asheboro,0004962,710 Sevier St,Greensboro Housing Development Partnership,3/13/2008,Null,Null,Null,Yes,Vacant Lot,9596.725092,10000,R-5,006862,01989,LOT 8,Null,http://www.greensboro-nc.gov/modules/showdocument.aspx?documentid=25724,Yes,Null,89,Null,{B8A0235F-8436-4C66-AF7C-720532256CF0},Point
85,Ole Asheboro,0002796,605 E. Bragg St,Greensboro Housing Development Partnership,3/13/2008,Null,Null,Null,Yes,Vacant Lot,4762.0259,4400,R-5,006862,01977,PT 5 DOUGLAS SUB,Null,http://www.greensboro-nc.gov/modules/showdocument.aspx?documentid=25724,Yes,Null,90,Null,{E7345A5C-9EE5-44DE-9F09-BFB54252226C},Point
87,Ole Asheboro,0002906,901 Martin St,Greensboro Housing Development Partnership,3/13/2008,Null,Null,Null,Yes,Vacant Lot,8990.097283,8750,R-5,006862,01941,1 B15 DOUGLAS HTS,Null,http://www.greensboro-nc.gov/modules/showdocument.aspx?documentid=25724,Yes,Null,92,Null,{94D58D9C-96AD-4EA4-93D7-7C7FD0E2197B},Point
88,Ole Asheboro,0005106,910 Reid St,Greensboro Housing Development Partnership,3/13/2008,Null,Null,Null,Yes,Vacant Lot,7436.087669,7750,R-5,006862,01953,24 B13 PB6-69 DOUGLAS HTS 910 REID ST,Null,http://www.greensboro-nc.gov/modules/showdocument.aspx?documentid=25724,Yes,Null,94,Null,{F11288FF-8C5C-4E42-B7A9-5BBFE7BD2D82},Point
89,Ole Asheboro,0003161,610 Ross Ave,Redevelopment Commission of Greensboro,11/2/2009,Null,Null,Null,Yes,Vacant Lot,11934.878922,10825,R-5,006853,01242,610 ROSS AVE,ON THE GHDP LIST COUNTY HAS RCG AS OWNER,http://www.greensboro-nc.gov/modules/showdocument.aspx?documentid=25724,Yes,Null,95,Null,{1A2927AE-3BDD-41A1-B9AB-98573EBDBC93},Point
90,Ole Asheboro,0005124,907 Sevier St,Greensboro Housing Development Partnership,3/13/2008,Null,Null,Null,Yes,Vacant Lot,7834.787928,7800,R-5,006862,01985,6 B13 PB 669 6694-1082 DOUGLAS PARK,Null,http://www.greensboro-nc.gov/modules/showdocument.aspx?documentid=25724,Yes,Null,97,Null,{2D3B5925-C4E6-41E7-847A-0F066EDC667D},Point
91,Ole Asheboro,0002880,1013 Pearson St,Greensboro Housing Development Partnership,3/13/2008,Null,Null,Null,Yes,Vacant Lot,14339.151933,14025,R-5,006862,02013,1013 PEARSON ST,Null,http://www.greensboro-nc.gov/modules/showdocument.aspx?documentid=25724,Yes,Null,98,Null,{28E8F963-B020-40BB-8E88-A54E5DD26FBE},Point
95,Ole Asheboro,0003037,711 Tuscaloosa St,Greensboro Housing Development Partnership,3/13/2008,Null,Null,Null,Yes,Vacant Lot,8351.193384,8550,R-5,006862,01981,TUSCALOOSA,Null,http://www.greensboro-nc.gov/modules/showdocument.aspx?documentid=25724,Yes,Null,102,Null,{8EACB28A-DC3F-41C7-B28B-D72856B1BB12},Point
96,Willow Oaks,0013450,2104 Charles Harshaw Ave,Greensboro Housing Development Partnership,12/30/2010,Null,Null,Null,Yes,Vacant Lot,3045.639625,3011,TN,007203,00993, 3 ZONE B SH1 PB 170-7 WILLOW OAKS,Null,https://www.greensboro-nc.gov/Home/ShowDocument?id=34370,Yes,Null,103,Null,{D8EB2025-150A-464A-AA24-999E3ECB47C2},Point
97,Willow Oaks,0013451,2106 Charles Harshaw Ave,Greensboro Housing Development Partnership,12/30/2010,Null,Null,Null,Yes,Vacant Lot,3016.399994,2977,TN,007203,00993, 4 ZONE B SH1 PB 170-7 WILLOW OAKS,Null,https://www.greensboro-nc.gov/Home/ShowDocument?id=34370,Yes,Null,104,Null,{A25014EA-4743-4E54-BE1B-29996DC17A1B},Point
98,Willow Oaks,0013452,2108 Charles Harshaw Ave,Greensboro Housing Development Partnership,12/30/2010,Null,Null,Null,Yes,Vacant Lot,3844.225601,3803,TN,007203,00993, 5 ZONE B SH1 PB 170-7 WILLOW OAKS,Null,https://www.greensboro-nc.gov/Home/ShowDocument?id=34370,Yes,Null,105,Null,{87D6B7DA-E33A-4406-8F12-AF08F14765BA},Point
99,Willow Oaks,0013453,2110 Charles Harshaw Ave,Greensboro Housing Development Partnership,12/30/2010,Null,Null,Null,Yes,Vacant Lot,4956.907255,2543,TN,007203,00993, 6 ZONE B SH1 PB 170-7 WILLOW OAKS,800 CLAPP ST & 2110 CHARLES HARSHAW AVE-1 LOT FOR DUPLEX,https://www.greensboro-nc.gov/Home/ShowDocument?id=34370,Yes,Null,106,Null,{D3713EDB-D277-4C3F-8F7C-DA5B0BF110E2},Point
100,Willow Oaks,0013449,2109 Charles Harshaw Ave,Greensboro Housing Development Partnership,12/30/2010,Null,Null,Null,Yes,Vacant Lot,3641.735433,3680,TN,007203,00993,7 ZONE B SH1 PB 170-7 WILLOW OAKS,Null,https://www.greensboro-nc.gov/Home/ShowDocument?id=34370,Yes,Null,107,Null,{76C9A99A-91DF-46A5-B2CE-E19DC15787D8},Point
101,Willow Oaks,0013448,2107 Charles Harshaw Ave,Greensboro Housing Development Partnership,12/30/2010,Null,Null,Null,Yes,Vacant Lot,4057.387532,3990,TN,007203,00993,8 ZONE B SH1 PB 170-7 WILLOW OAKS,Null,https://www.greensboro-nc.gov/Home/ShowDocument?id=34370,Yes,Null,108,Null,{A22E4FD8-F0C0-4644-A402-C3CC6256ECEA},Point
102,Willow Oaks,0013444,2104 John Tarpley Ln,Greensboro Housing Development Partnership,12/30/2010,Null,Null,Null,Yes,Vacant Lot,3894.879317,3872,TN,007203,00993,11 ZONE B SH1 PB 170-7 WILLOW OAKS,Null,https://www.greensboro-nc.gov/Home/ShowDocument?id=34370,Yes,Null,109,Null,{BABEBE36-3DC5-43B9-B7A8-EAF0B340B29F},Point
104,Willow Oaks,0013441,2109 John Tarpley Ln,Greensboro Housing Development Partnership,12/30/2010,Null,Null,Null,Yes,Vacant Lot,3415.566199,3548,TN,007203,00993,14 ZONE B SH1 PB 170-7 WILLOW OAKS,Null,https://www.greensboro-nc.gov/Home/ShowDocument?id=34370,Yes,Null,111,Null,{DEB33FA9-696F-4ADB-9766-A309E635BD0D},Point
105,Willow Oaks,0013442,2107 John Tarpley Ln,Greensboro Housing Development Partnership,12/30/2010,Null,Null,Null,Yes,Vacant Lot,3761.329647,3780,TN,007203,00993,15 ZONE B SH1 PB 170-7 WILLOW OAKS,Null,https://www.greensboro-nc.gov/Home/ShowDocument?id=34370,Yes,Null,112,Null,{34126E95-B00D-4439-B969-BB26F87B0C93},Point
106,Willow Oaks,0013443,2105 John Tarpley Ln,Greensboro Housing Development Partnership,12/30/2010,Null,Null,Null,Yes,Vacant Lot,3310.181828,3316,TN,007203,00993,16 ZONE B SH1 PB 170-7 WILLOW OAKS,Null,https://www.greensboro-nc.gov/Home/ShowDocument?id=34370,Yes,Null,113,Null,{43C47378-7F20-46EC-BE60-7A07C2A287DE},Point
107,Willow Oaks,0013446,2006 Spencer St,Greensboro Housing Development Partnership,12/30/2010,Null,Null,Null,Yes,Vacant Lot,3542.952569,3662,TN,007203,00993,19 ZONE B SH1 PB 170-7 WILLOW OAKS,Null,https://www.greensboro-nc.gov/Home/ShowDocument?id=34370,Yes,Null,114,Null,{12B37693-B48F-4816-A228-DF88CD7573AB},Point
109,Willow Oaks,0020325,2208 Charles Harshaw Ave,Greensboro Housing Development Partnership,12/30/2010,Null,Null,Null,Yes,Vacant Lot,5324.155787,1722,TN,007203,00993,26 ZONE B SH2 PB 170-8 WILLOW OAKS,2208 CHARLES HARSHAW AVE 800-802 GREEN OAKS CT-1 LOT FOR TRIPLEX,https://www.greensboro-nc.gov/Home/ShowDocument?id=34370,Yes,Null,116,Null,{63F181D8-0865-4E86-9E23-E2E2A4DDA90C},Point
110,Willow Oaks,0020308,801 Clapp St,Greensboro Housing Development Partnership,12/30/2010,Null,Null,Null,Yes,Vacant Lot,4169.074942,1977,TN,007203,00993,29 ZONE B SH2 PB 170-8 WILLOW OAKS,2200 CHARLES HARSHAW AVE 800 CLAPP ST-1 LOT FOR DUPLEX,https://www.greensboro-nc.gov/Home/ShowDocument?id=34370,Yes,Null,117,Null,{0CE7CA15-AE36-4108-9BC4-E7363E69BE32},Point
111,Willow Oaks,0020326,803 805 Clapp St,Greensboro Housing Development Partnership,12/30/2010,Null,Null,Null,Yes,Vacant Lot,5129.509184,2463,TN,007203,00993,30 ZONE B SH2 PB 170-8 WILLOW OAKS,LOT FOR A DUPLEX,https://www.greensboro-nc.gov/Home/ShowDocument?id=34370,Yes,Null,118,Null,{DC0E3842-2024-4D0A-B8B4-900213669EC5},Point
112,Willow Oaks,0020327,807 Clapp St,Greensboro Housing Development Partnership,12/30/2010,Null,Null,Null,Yes,Vacant Lot,4453.171724,4239,TN,007203,00993,31 ZONE B SH2 PB 170-8 WILLOW OAKS,Null,https://www.greensboro-nc.gov/Home/ShowDocument?id=34370,Yes,Null,119,Null,{75A740B1-9771-4B1B-AA76-5A1CFB5F4979},Point
113,Willow Oaks,0020332,817 Clapp St,Greensboro Housing Development Partnership,12/30/2010,Null,Null,Null,Yes,Vacant Lot,4419.472643,3817,TN,007203,00993,36 ZONE B SH1 RPB171-131 WILLOW OAKS,Null,https://www.greensboro-nc.gov/Home/ShowDocument?id=34370,Yes,Null,121,Null,{742293D6-1E26-4198-8F42-9A1D4B0D44DB},Point
114,Willow Oaks,0020359,819 Clapp St,Greensboro Housing Development Partnership,12/30/2010,Null,Null,Null,Yes,Vacant Lot,4694.503504,5469,TN,007203,00993,36-B ZONE B SH1 PB170-8 WILLOW OAKS,Null,https://www.greensboro-nc.gov/Home/ShowDocument?id=34370,Yes,Null,122,Null,{CC91221B-3E34-4C2F-B1CC-42B70FD537EC},Point
115,Willow Oaks,0020334,820 Green Oaks St,Greensboro Housing Development Partnership,12/30/2010,Null,Null,Null,Yes,Vacant Lot,5773.451068,2677,TN,007203,00993,38 ZONE B SH2 PB 170-8 WILLOW OAKS,820 GREEN OAKS ST 2205 EVERITT ST-1 LOT FOR DUPLEX,https://www.greensboro-nc.gov/Home/ShowDocument?id=34370,Yes,Null,123,Null,{E4290FC6-4970-4095-BD0A-BA74C0E6E493},Point
117,Willow Oaks,0020341,804 806 Green Oaks St,Greensboro Housing Development Partnership,12/30/2010,Null,Null,Null,Yes,Vacant Lot,5431.238331,2622,TN,007203,00993,45 ZONE B SH2 PB 170-8 WILLOW OAKS,1 LOT FOR DUPLEX,https://www.greensboro-nc.gov/Home/ShowDocument?id=34370,Yes,Null,125,Null,{2072350D-A73E-4DD0-894E-A0056F028F28},Point
118,Willow Oaks,0020342,819 Green Oaks St,Greensboro Housing Development Partnership,12/30/2010,Null,Null,Null,Yes,Vacant Lot,4562.01519,2136,TN,007203,00993,46 ZONE B SH2 PB 170-8 WILLOW OAKS,819 GREEN OKAS ST 2301 EVERITT ST-1 LOT FOR DUPLEX,https://www.greensboro-nc.gov/Home/ShowDocument?id=34370,Yes,Null,126,Null,{E093B52C-3ADC-483F-8BCB-B6B1D2D459B2},Point
119,Willow Oaks,0020343,817 Green Oaks St,Greensboro Housing Development Partnership,12/30/2010,Null,Null,Null,Yes,Vacant Lot,4040.092435,3817,TN,007203,00993,47 ZONE B SH2 PB 170-8 WILLOW OAKS,Null,https://www.greensboro-nc.gov/Home/ShowDocument?id=34370,Yes,Null,127,Null,{1C531C35-88FD-4ADE-B3B7-65A35B0EA58A},Point
120,Willow Oaks,0020349,805 Green Oaks St,Greensboro Housing Development Partnership,12/30/2010,Null,Null,Null,Yes,Vacant Lot,4912.325549,4657,TN,007203,00993,53 ZONE B SH2 PB 170-8 WILLOW OAKS,Null,https://www.greensboro-nc.gov/Home/ShowDocument?id=34370,Yes,Null,129,Null,{D25BB71F-D976-4998-9149-BBC276FC96EB},Point
121,Willow Oaks,0020351,707 Green Oaks St,Greensboro Housing Development Partnership,12/30/2010,Null,Null,Null,Yes,Vacant Lot,5295.700615,5256,TN,007203,00993,56 ZONE B SH1 PB 170-7 WILLOW OAKS,Null,https://www.greensboro-nc.gov/Home/ShowDocument?id=34370,Yes,Null,130,Null,{E0E8A45A-67AB-433A-865B-4354DD5E894B},Point
122,Willow Oaks,0020352,705 Green Oaks St,Greensboro Housing Development Partnership,12/30/2010,Null,Null,Null,Yes,Vacant Lot,4785.655003,4647,TN,007203,00993,57 ZONE B SH1 PB 170-7 WILLOW OAKS,Null,https://www.greensboro-nc.gov/Home/ShowDocument?id=34370,Yes,Null,131,Null,{75733E4A-3477-48A8-8AEF-C9290993792F},Point
123,Willow Oaks,0020353,703 Green Oaks St,Greensboro Housing Development Partnership,12/30/2010,Null,Null,Null,Yes,Vacant Lot,4404.328142,4299,TN,007203,00993,58 ZONE B SH1 PB 170-7 WILLOW OAKS,Null,https://www.greensboro-nc.gov/Home/ShowDocument?id=34370,Yes,Null,132,Null,{5269541B-CBCC-41A4-9334-EAE6DB945A6D},Point
124,Willow Oaks,0020355,706 Green Oaks St,Greensboro Housing Development Partnership,12/30/2010,Null,Null,Null,Yes,Vacant Lot,3508.003179,3405,TN,007203,00993,60 ZONE B SH1 PB 170-7 WILLOW OAKS,Null,https://www.greensboro-nc.gov/Home/ShowDocument?id=34370,Yes,Null,133,Null,{C9FE52F6-A0D7-4888-ADC1-8DB23DB86898},Point
125,Willow Oaks,0013457,1900 1904 Everitt St,Greensboro Housing Development Partnership,12/30/2010,Null,Null,Null,Yes,Vacant Lot,5902.912827,1872,TN,007203,00993, 1 ZONE C SH1 PB 169-132 WILLOW OAKS,190 1902 1904 EVERITT ST-1 LOT FOR TRIPLEX,https://www.greensboro-nc.gov/Home/ShowDocument?id=34370,Yes,Null,134,Null,{1A74B696-D6D1-44A3-9429-C3659FBB7C6A},Point
126,Willow Oaks,0013456,1906 1912 Everitt St,Greensboro Housing Development Partnership,12/30/2010,Null,Null,Null,Yes,Vacant Lot,7448.36209,3553,TN,007203,00993, 2 ZONE C SH1 PB 169-132 WILLOW OAKS,1906 1908 1910 1912 EVERITT ST-1 LOT FOR QUADRUPLEX,https://www.greensboro-nc.gov/Home/ShowDocument?id=34370,Yes,Null,135,Null,{1AF28242-E5C2-4813-A31B-A6735D6AB8C7},Point
127,Willow Oaks,0013490,2103 2115 Willow Leaf Ave,Greensboro Housing Development Partnership,12/30/2010,Null,Null,Null,Yes,Vacant Lot,11296.418471,1613,TN,007203,00993,8 ZONE C SH2 PB 169-133 WILLOW OAKS,2103-2115 LINDA JONES AVE-1 LOT FOR 7 RESIDENTIAL UNITS,https://www.greensboro-nc.gov/Home/ShowDocument?id=34370,Yes,Null,136,Null,{DAB35C12-15B2-4C38-90BB-CA3ADF5A3074},Point
128,Willow Oaks,0013489,2101 Linda Jones Ave,Greensboro Housing Development Partnership,12/30/2010,Null,Null,Null,Yes,Vacant Lot,3779.405898,3780,TN,007203,00993,9 ZONE C SH2 PB 169-133 WILLOW OAKS,Null,https://www.greensboro-nc.gov/Home/ShowDocument?id=34370,Yes,Null,137,Null,{4C1B236E-4AE3-4FFE-8C51-9298143547C6},Point
129,Willow Oaks,0013476,2017 Linda Jones Ave,Greensboro Housing Development Partnership,12/30/2010,Null,Null,Null,Yes,Vacant Lot,1613,3974.545508,TN,007203,00993,10 ZONE C SH2 PB 169-133 WILLOW OAKS,Null,https://www.greensboro-nc.gov/Home/ShowDocument?id=34370,Yes,Null,138,Null,{4A2CAA95-CCBB-4C9B-9694-00F9532404B6},Point
130,Willow Oaks,0013475,2011 2015 Linda Jones Ave,Greensboro Housing Development Partnership,12/30/2010,Null,Null,Null,Yes,Vacant Lot,4598.866948,2340,TN,007203,00993,11 ZONE C SH2 PB 169-133 WILLOW OAKS,2011 2013 2015 LINDA JONES AVE-1 LOT FOR TRIPLEX ,https://www.greensboro-nc.gov/Home/ShowDocument?id=34370,Yes,Null,139,Null,{15C2B2DC-A3D0-406F-B28F-0B23B7EEFCB7},Point
131,Willow Oaks,0013474,2003 2009 Linda Jones Ave,Greensboro Housing Development Partnership,12/30/2010,Null,Null,Null,Yes,Vacant Lot,5827.651913,1486,TN,007203,00993,12 ZONE C SH2 PB 169-133 WILLOW OAKS,2003 2005 2007 2009 LINDA JONES AVE-1 LOT FOR QUADRUPLEX,https://www.greensboro-nc.gov/Home/ShowDocument?id=34370,Yes,Null,140,Null,{683501AB-CFA7-4DA2-80BD-108D0D99D0C0},Point
132,Willow Oaks,0013473,2001 Linda Jones Ave,Greensboro Housing Development Partnership,12/30/2010,Null,Null,Null,Yes,Vacant Lot,3999.12139,3941,TN,007203,00993,13 ZONE C SH2 PB 169-133 WILLOW OAKS,Null,https://www.greensboro-nc.gov/Home/ShowDocument?id=34370,Yes,Null,141,Null,{94111C9E-B857-440E-996A-EB570A3F5D62},Point
133,Willow Oaks,0013466,804 Dunbar St,Greensboro Housing Development Partnership,12/30/2010,Null,Null,Null,Yes,Vacant Lot,4215.873044,4048,TN,007203,00993,14 ZONE C SH1 PB 169-132 WILLOW OAKS,804 DUNBAR ST OR 2 &/OR 4 LINDA JONES CIR-1 LOT FOR DUPLEX,https://www.greensboro-nc.gov/Home/ShowDocument?id=34370,Yes,Null,142,Null,{3702DC30-69DB-4041-BC75-DFF995F68113},Point
134,Willow Oaks,0013465,6 8 Linda Jones Cir,Greensboro Housing Development Partnership,12/30/2010,Null,Null,Null,Yes,Vacant Lot,4322.248609,4322,TN,007203,00993,15 ZONE C SH1 PB 169-132 WILLOW OAKS,Null,https://www.greensboro-nc.gov/Home/ShowDocument?id=34370,Yes,Null,143,Null,{F945F03D-8742-4AD0-814B-A06EC27B1547},Point
135,Willow Oaks,0013464,10 16 Linda Jones Cir,Greensboro Housing Development Partnership,12/30/2011,Null,Null,Null,Yes,Vacant Lot,11180.519262,2673,TN,007203,00993,16 ZONE C SH 1 PB 169-132 WILLOW OAKS,10 12 14 16 LINDA JONE CIR-1 LOT FOR QUADRUPLEX,https://www.greensboro-nc.gov/Home/ShowDocument?id=34370,Yes,Null,144,Null,{3FAD28F0-C938-4BFC-AA22-1DDEE0340F11},Point
136,Willow Oaks,0013469,18 20 Linda Jones Cir,Greensboro Housing Development Partnership,12/30/2010,Null,Null,Null,Yes,Vacant Lot,4742.915056,2274,TN,007203,00993,17 ZONE C SH1 PB 169-132 WILLOW OAKS,18 20 LINDA JONES CIR-1 LOT FOR DUPLEX,https://www.greensboro-nc.gov/Home/ShowDocument?id=34370,Yes,Null,145,Null,{4B2FB2E8-4AD3-4A4C-B7E0-3C8C80BD8E1A},Point
137,Willow Oaks,0013468,22 24 Linda Jones Cir,Greensboro Housing Development Partnership,12/30/2010,Null,Null,Null,Yes,Vacant Lot,3894.543375,1868,TN,007203,00993,18 ZONE C SH1 PB 169-132 WILLOW OAKS,22 24 LINDA JONES CIR-1 LOT FOR DUPLEX,https://www.greensboro-nc.gov/Home/ShowDocument?id=34370,Yes,Null,146,Null,{7A63F843-595E-4447-94AC-0C333879F6BC},Point
138,Willow Oaks,0013477,2000 Linda Jones Ave,Greensboro Housing Development Partnership,12/30/2010,Null,Null,Null,Yes,Vacant Lot,4039.702837,3864,TN,007203,00993,19 ZONE C PB 169-133,Null,https://www.greensboro-nc.gov/Home/ShowDocument?id=34370,Yes,Null,147,Null,{E5D03F71-0F33-4ECA-82DA-30D5267820D3},Point
139,Willow Oaks,0013480,2002 2008 Linda Jones Ave,Greensboro Housing Development Partnership,12/30/2010,Null,Null,Null,Yes,Vacant Lot,7017.496236,1755,TN,007203,00993,20 ZONE C SH2 PB 169-133 WILLOW OAKS,2002 2004 2006 2008 LINDA JONES AVE-1 LOT FOR DUADRUPLEX,https://www.greensboro-nc.gov/Home/ShowDocument?id=34370,Yes,Null,148,Null,{4F850F82-CAB5-401E-90EB-B8BBD17662F7},Point
140,Willow Oaks,0013481,2010 2014 Linda Jones Ave,Greensboro Housing Development Partnership,12/30/2010,Null,Null,Null,Yes,Vacant Lot,5517.47622,1821,TN,007203,00993,21 ZONE C SH2 PB 169-133 WILLOW OAKS,2010 2012 2014 LINDA JONES AVE-1 LOT FOR TRIPLEX,https://www.greensboro-nc.gov/Home/ShowDocument?id=34370,Yes,Null,149,Null,{598EF53B-2B56-4AB3-9295-E8EB36AD5076},Point
141,Willow Oaks,0013482,2016 Linda Jones Ave,Greensboro Housing Development Partnership,12/30/2010,Null,Null,Null,Yes,Vacant Lot,4560.259537,3388,TN,007203,00993,22 ZONE C SH2 PB 169-133 WILLOW OAKS,Null,https://www.greensboro-nc.gov/Home/ShowDocument?id=34370,Yes,Null,150,Null,{54EE3CCA-30CB-4E9B-B14C-9FFB7B74639F},Point
142,Willow Oaks,0013507,2100 Linda Jones Ave,Greensboro Housing Development Partnership,12/30/2010,Null,Null,Null,Yes,Vacant Lot,3192.134557,3192,TN,007203,00993,23 ZONE C SH2 PB 169-133 WILLOW OAKS,Null,https://www.greensboro-nc.gov/Home/ShowDocument?id=34370,Yes,Null,151,Null,{961EE62D-D74C-400A-8B47-87C405E19CFB},Point
143,Willow Oaks,0013491,2102 2110 Willow Leaf Ave,Greensboro Housing Development Partnership,12/30/2010,Null,Null,Null,Yes,Vacant Lot,7758.675149,1551,TN,007203,00993,24 ZONE C SH2 PB 169-133 WILLOW OAKS,2102 2104 2106 2108 2110 LINDA JONES AVE-1 LOT FOR 5 RESIDENTIAL UNITS,https://www.greensboro-nc.gov/Home/ShowDocument?id=34370,Yes,Null,152,Null,{C66BA1ED-3999-486F-B62E-56833A26BFE4},Point
144,Willow Oaks,0013494,2101 2103 McConnell Rd,Greensboro Housing Development Partnership,12/30/2010,Null,Null,Null,Yes,Vacant Lot,5727.590944,2864,TN,007203,00993,28 ZONE C SH2 PB 169-133 WILLOW OAKS,2101 2103 MCCONNELL RD-1 LOT FOR DUPLEX,https://www.greensboro-nc.gov/Home/ShowDocument?id=34370,Yes,Null,153,Null,{9FFBB037-B683-4CC2-80F3-F116162202F2},Point
145,Willow Oaks,0013487,2009 McConnell Rd,Greensboro Housing Development Partnership,12/30/2010,Null,Null,Null,Yes,Vacant Lot,5317.87363,4300,TN,007203,00993,29 ZONE C SH2 PB 169-133 WILLOW OAKS,Null,https://www.greensboro-nc.gov/Home/ShowDocument?id=34370,Yes,Null,154,Null,{C6A1D327-EE1A-4468-B049-21D7B3E199AB},Point
146,Willow Oaks,0013486,2007 McConnell Rd,Greensboro Housing Development Partnership,12/30/2010,Null,Null,Null,Yes,Vacant Lot,4436.069294,4394,TN,007203,00993,30 ZONE C SH2 PB 169-133 WILLOW OAKS,Null,https://www.greensboro-nc.gov/Home/ShowDocument?id=34370,Yes,Null,155,Null,{5A42F866-3A32-4256-8BAB-C469A511D9AF},Point
147,Willow Oaks,0013485,2005 McConnell Rd,Greensboro Housing Development Partnership,12/30/2010,Null,Null,Null,Yes,Vacant Lot,4168.716292,4079,TN,007203,00993,31 ZONE C SH2 PB 169-133 WILLOW OAKS,Null,https://www.greensboro-nc.gov/Home/ShowDocument?id=34370,Yes,Null,156,Null,{24AB409A-D3CD-46B4-924D-D1EEDEA2F420},Point
148,Willow Oaks,0013484,2003 McConnell Rd,Greensboro Housing Development Partnership,12/30/2010,Null,Null,Null,Yes,Vacant Lot,4141.837421,4115,TN,007203,00993,32 ZONE C SH2 PB 169-133 WILLOW OAKS,Null,https://www.greensboro-nc.gov/Home/ShowDocument?id=34370,Yes,Null,157,Null,{5F50B72E-97CE-4F51-9426-1B4C4FFF3345},Point
149,Willow Oaks,0013483,811 Dunbar St,Greensboro Housing Development Partnership,12/30/2010,Null,Null,Null,Yes,Vacant Lot,4941.391679,4677,TN,007203,00993,33 ZONE C SH2 PB 169-133 WILLOW OAKS,Null,https://www.greensboro-nc.gov/Home/ShowDocument?id=34370,Yes,Null,158,Null,{ADDE714D-5636-4847-8D9A-28DA206EF34B},Point
150,Willow Oaks,0013472,1919 1921 McConnell Rd,Greensboro Housing Development Partnership,12/30/2010,Null,Null,Null,Yes,Vacant Lot,4963.116507,2407,TN,007203,00993,34 ZONE C SH 1 PB169-132 WILLOW OAKS,1919 1921 MCCONNELL RD-1 LOT FOR DUPLEX,https://www.greensboro-nc.gov/Home/ShowDocument?id=34370,Yes,Null,159,Null,{A40974F8-8109-4AC5-81ED-A397AA7715B9},Point
151,Willow Oaks,0013471,1915 1917 McConnell Rd,Greensboro Housing Development Partnership,12/30/2010,Null,Null,Null,Yes,Vacant Lot,4815.188375,2407,TN,007203,00993,35 ZONE C SH1 PB 169-132 WILLOW OAKS,1915 1917 MCCONNELL RD-1 LOT FOR DUPLEX,https://www.greensboro-nc.gov/Home/ShowDocument?id=34370,Yes,Null,160,Null,{679DADDB-19CC-43BB-B7FF-A229B6556224},Point
152,Willow Oaks,0013470,1911 1913 McConnell Rd,Greensboro Housing Development Partnership,12/30/2010,Null,Null,Null,Yes,Vacant Lot,4926.03402,2360,TN,007203,00993,36 ZONE C SH1 PB 169-132 WILLOW OAKS,1911 1913 MCCONNELL RD-1 LOT FOR DUPLEX,https://www.greensboro-nc.gov/Home/ShowDocument?id=34370,Yes,Null,161,Null,{6D2D5C37-C18F-4BED-AD61-90AF9FF7E767},Point
153,Willow Oaks,0013463,1903 1909 McConnell Rd,Greensboro Housing Development Partnership,12/30/2010,Null,Null,Null,Yes,Vacant Lot,8477.817221,1989,TN,007203,00993,37 ZONE C SH1 PB 169-132 WILLOW OAKS,1903 1905 1907 1909 MCCONNELL RD-1 LOT FOR QUADRUPLEX,https://www.greensboro-nc.gov/Home/ShowDocument?id=34370,Yes,Null,162,Null,{B705FD2F-9552-4D48-BC08-197B66BE35CD},Point
154,Willow Oaks,0010605,730 Gillespie St,Greensboro Housing Development Partnership,12/30/2010,Null,Null,Null,Yes,Vacant Lot,6044.591567,5739,TN,007203,00993,11 PB 172-17 WILLOW OAKS ZONE D,730 GILLESPIE ST 1711 MORNING VIEW DR-1 LOT FOR DUPLEX,https://www.greensboro-nc.gov/Home/ShowDocument?id=34370,Yes,Null,163,Null,{0B9186BA-A940-4A79-B447-E4BAD880089F},Point
155,Willow Oaks,0010603,1709 Morning View Dr,Greensboro Housing Development Partnership,12/30/2010,Null,Null,Null,Yes,Vacant Lot,3187.903914,3180,TN,007203,00993,12 PB 172-17 WILLOW OAKS ZONE D,Null,https://www.greensboro-nc.gov/Home/ShowDocument?id=34370,Yes,Null,164,Null,{5225BE44-114E-4B61-B185-4865DD2EE282},Point
156,Willow Oaks,0010599,722 Gillespie St,Greensboro Housing Development Partnership,12/30/2010,Null,Null,Null,Yes,Vacant Lot,4987.962878,4985,TN,007203,00993,16 PB 172-17 WILLOW OAKS ZONE D,Null,https://www.greensboro-nc.gov/Home/ShowDocument?id=34370,Yes,Null,165,Null,{55F0B24A-86F0-4376-A59B-A6C7B62CD701},Point
157,Willow Oaks,0010600,724 Gillespie St,Greensboro Housing Development Partnership,12/30/2010,Null,Null,Null,Yes,Vacant Lot,4462.221885,4985,TN,007203,00993,17 PB 172-17 WILLOW OAKS ZONE D,Null,https://www.greensboro-nc.gov/Home/ShowDocument?id=34370,Yes,Null,166,Null,{4B86E57B-20DF-4B3D-808E-1DEFDB7D4345},Point
158,Willow Oaks,0010598,697 Dorgan Ave,Greensboro Housing Development Partnership,12/30/2010,Null,Null,Null,Yes,Vacant Lot,6536.915769,6638,TN,007203,00993,20 PB 172-17 WILLOW OAKS ZONE D,SHOULD THIS BE 699 DORGAN?? OR 720 GILLESPIE ST 693 & 695 DORGAN AVE-1 LOT POSSIBLE TRIPLEX/QUADRUPLEX,https://www.greensboro-nc.gov/Home/ShowDocument?id=34370,Yes,Null,167,Null,{2778CD95-F78D-4AD3-8C25-BEBEECC9CFF7},Point
159,Willow Oaks,0010596,1714 Spencer St,Greensboro Housing Development Partnership,12/30/2010,Null,Null,Null,Yes,Vacant Lot,6354.75168,6336,TN,007203,00993,21 PB 172-17 WILLOW OAKS ZONE D,1714 SPENCER ST 700 DORGAN AVE- 1 LOT FOR DUPLEX,https://www.greensboro-nc.gov/Home/ShowDocument?id=34370,Yes,Null,168,Null,{92CA6A12-74BA-4471-B99E-50F14B6A70DA},Point
160,Willow Oaks,0010564,604 Gillespie St,Greensboro Housing Development Partnership,12/30/2010,Null,Null,Null,Yes,Vacant Lot,4754.530727,4508,TN,007203,00993,22 ZONE D PB 172-18 WILLOW OAKS,Null,https://www.greensboro-nc.gov/Home/ShowDocument?id=34370,Yes,Null,169,Null,{94B9B201-AE50-4990-B0C6-2FE029DDAD1E},Point
161,Willow Oaks,0010565,606 Gillespie St,Greensboro Housing Development Partnership,12/30/2010,Null,Null,Null,Yes,Vacant Lot,4260.894593,4125,TN,007203,00993,23 ZONE D PB 172-18 WILLOW OAKS,Null,https://www.greensboro-nc.gov/Home/ShowDocument?id=34370,Yes,Null,170,Null,{5493C141-5818-4767-842C-9BD40E7A0771},Point
162,Willow Oaks,0010566,608 Gillespie St,Greensboro Housing Development Partnership,12/30/2010,Null,Null,Null,Yes,Vacant Lot,5232.286986,2606,TN,007203,00993,24 ZONE D PB 172-18 WILLOW OAKS,608 GILLESPIE ST 1709 SPENCER ST-1 LOT FOR DUPLEX,https://www.greensboro-nc.gov/Home/ShowDocument?id=34370,Yes,Null,171,Null,{B1FCE436-4BCF-4AAD-A031-EE858C3C42CD},Point
163,Willow Oaks,0010572,1707 Spencer St,Greensboro Housing Development Partnership,12/30/2010,Null,Null,Null,Yes,Vacant Lot,5705.709296,5450,TN,007203,00993,25 ZONE D PB 172-18 WILLOW OAKS,Null,https://www.greensboro-nc.gov/Home/ShowDocument?id=34370,Yes,Null,172,Null,{C1F7019E-F933-44EB-960F-17617F4609DA},Point
164,Willow Oaks,0010567,1705 Spencer St,Greensboro Housing Development Partnership,12/30/2010,Null,Null,Null,Yes,Vacant Lot,6380.252995,6666,TN,007203,00993,26 ZONE D PB 172-18 WILLOW OAKS,Null,https://www.greensboro-nc.gov/Home/ShowDocument?id=34370,Yes,Null,173,Null,{621B1C46-B0D1-4D88-8095-8F42AAA297AB},Point
165,Willow Oaks,0010569,1703 Spencer St,Greensboro Housing Development Partnership,12/30/2010,Null,Null,Null,Yes,Vacant Lot,6815.216519,6784,TN,007203,00993,27 ZONE D PB 172-18 WILLOW OAKS,Null,https://www.greensboro-nc.gov/Home/ShowDocument?id=34370,Yes,Null,174,Null,{9EEA2126-5314-4E96-ABF3-5315C305DCFE},Point
166,Willow Oaks,0010571,1701 Spencer St,Greensboro Housing Development Partnership,12/30/2010,Null,Null,Null,Yes,Vacant Lot,6588.662621,6472,TN,007203,00993,28 ZONE D PB 172-18 WILLOW OAKS,Null,https://www.greensboro-nc.gov/Home/ShowDocument?id=34370,Yes,Null,175,Null,{EBCEAA87-8A2A-4CB3-87B1-A6C1C7D0915A},Point
167,Willow Oaks,0010618,706 Dorgan Ave,Greensboro Housing Development Partnership,12/30/2010,Null,Null,Null,Yes,Vacant Lot,3937.439111,3931,TN,007203,00993,32 PB 172-17 WILLOW OAKS ZONE D,Null,https://www.greensboro-nc.gov/Home/ShowDocument?id=34370,Yes,Null,176,Null,{81B24BF1-5E99-4CA3-ABBE-702668A35FD6},Point
168,Willow Oaks,0021351,7 Willowside Cir,Greensboro Housing Development Partnership,12/30/2010,Null,Null,Null,Yes,Vacant Lot,5167.275438,5167,TN,007203,00993, 3 ZONE E PB 169-131 WILLOW OAKS,Null,https://www.greensboro-nc.gov/Home/ShowDocument?id=34370,Yes,Null,177,Null,{C2A7E5AF-5BC2-48D7-BF1B-E378EF041F69},Point
169,Willow Oaks,0021350,9 Willowside Cir,Greensboro Housing Development Partnership,12/30/2010,Null,Null,Null,Yes,Vacant Lot,3979.17601,3978,TN,007203,00993, 4 ZONE E PB 169-131 WILLOW OAKS,Null,https://www.greensboro-nc.gov/Home/ShowDocument?id=34370,Yes,Null,178,Null,{5FD1EF5B-BEE3-4D73-8DC5-EE918A271E1E},Point
170,Willow Oaks,0021341,11 Willowside Cir,Greensboro Housing Development Partnership,12/30/2010,Null,Null,Null,Yes,Vacant Lot,3053.089137,3052,TN,007203,00993,5 ZONE E PB 169-131 WILLOW OAKS,Null,https://www.greensboro-nc.gov/Home/ShowDocument?id=34370,Yes,Null,179,Null,{175408BD-73B2-4CAE-AAA9-11FD21EE5229},Point
171,Willow Oaks,0021348,15 Willowside Cir,Greensboro Housing Development Partnership,12/30/2010,Null,Null,Null,Yes,Null,3554.661559,3554,TN,007203,00993,6 ZONE E PB 169-131 WILLOW OAKS,Null,https://www.greensboro-nc.gov/Home/ShowDocument?id=34370,Yes,Null,180,Null,{03EE1A81-FA30-4E26-91B8-9B32CE59CEC1},Point
172,Willow Oaks,0021336,2133 2135 McConnell Rd,Greensboro Housing Development Partnership,12/30/2010,Null,Null,Null,Yes,Vacant Lot,5349.780862,2675,TN,007203,00993,9 ZONE E PB 169-131 WILLOW OAKS,2133 2135 MCCONNELL RD-1 LOT FOR DUPLEX,https://www.greensboro-nc.gov/Home/ShowDocument?id=34370,Yes,Null,181,Null,{CC449AF1-C462-4424-9BEB-FFCC29555299},Point
173,Willow Oaks,0021330,2141 2143 McConnell Rd,Greensboro Housing Development Partnership,12/30/2010,Null,Null,Null,Yes,Vacant Lot,5951.708533,2974,TN,007203,00993,12 ZONE E PB 169-131 WILLOW OAKS,2141 2143 MCCONNELL RD-1 LOT FOR DUPLEX,https://www.greensboro-nc.gov/Home/ShowDocument?id=34370,Yes,Null,182,Null,{6D5646E5-932B-4E70-A592-920B31917961},Point
174,Willow Oaks,0021331,1020 S. English St,Greensboro Housing Development Partnership,12/30/2010,Null,Null,Null,Yes,Vacant Lot,4930.187631,4930,TN,007203,00993,13 ZONE E PB 169-131 WILLOW OAKS,Null,https://www.greensboro-nc.gov/Home/ShowDocument?id=34370,Yes,Null,183,Null,{D71CD8F3-33E9-4B26-A976-5FE55896D5A8},Point
175,Willow Oaks,0021332,1018 S. English St,Greensboro Housing Development Partnership,12/30/2010,Null,Null,Null,Yes,Vacant Lot,7113.822144,7113,TN,007203,00993,14 ZONE E PB 169-131 WILLOW OAKS,Null,https://www.greensboro-nc.gov/Home/ShowDocument?id=34370,Yes,Null,184,Null,{9DC1B694-E657-49B4-8A66-854265F8A507},Point
176,Willow Oaks,0021349,2133 NEAR McConnell Rd,Redevelopment Commission of Greensboro,12/30/2010,Null,Null,Null,Yes,Vacant Lot,6462.911314,6463,TN,005606,00568,COMMON/PARK ZE PB 169-131 WILLOW OAKS,COMMON AREA-POCKET PARK,https://www.greensboro-nc.gov/Home/ShowDocument?id=34370,Yes,Null,185,Null,{06C67A87-D171-45B0-A3AC-357464F853FA},Point
177,Willow Oaks,0010614,699 Dorgan Ave,Greensboro Housing Development Partnership,12/30/2010,Null,Null,Null,Yes,Vacant Lot,4322.046319,6638,TN,007203,00993,15 PB 172-17 WILLOW OAKS ZONE D,IS THIS POSSIBLEY MEANT AS 699 DORGAN AVE??,https://www.greensboro-nc.gov/Home/ShowDocument?id=34370,Yes,Null,186,Null,{A65061A0-7F27-4C26-9C21-1EA992958ECB},Point
178,S. Elm Street,0000497,1015 S EUGENE ST,Redevelopment Commission of Greensboro,Null,Null,Null,Null,Null,Null,Null,Null,LI,005389,01429,PROPERTY_DESCR	PT TRI WARNERSVILLE PRJT III PB 50-81,Null,Null,Yes,Null,Null,Null,{0D3420B1-26DE-40A4-B33B-516175BC9CA3},Point
179,S. Elm Street,0001386,1201 S EUGENE ST,Redevelopment Commission of Greensboro,Null,Null,Null,Null,Null,Null,Null,Null,RM-18,Null,Null,2.72AC 1 PB109-133 ST JAMES HOME,Null,Null,Yes,Null,Null,Null,{49AF22AB-C23A-4D3B-B990-8CF9DAF40EE9},Point
